{
    "alpha": 100,
    "hidden_states": {
        "Central_10": [
            0.0,
            0.03601517218100026,
            0.04498551557289566,
            0.055110308194958366,
            0.06703270487930282,
            0.0808673516797562,
            0.09658504547113918,
            0.11491250005404183,
            0.13539713487734134,
            0.1615357040825618,
            0.19550445586374715,
            0.2460826473877306,
            0.3362211906107641,
            0.513992784995597,
            1.0347769999800063,
            1.9642295159385208,
            3.0595048003484426,
            4.537575171874854,
            10.368307113031534,
            Infinity
        ]
    },
    "model": {
        "N0": 4000.0000000000005,
        "class": "SMCModel",
        "knots": [
            0.00012499999999999998,
            0.00024325012679457837,
            0.0004733649934846277,
            0.0009211687574820039,
            0.0017925953364536136,
            0.0034883923430696915,
            0.006788415038087511,
            0.01321026254999208,
            0.025707184322201954,
            0.03601517218100026,
            0.055110308194958366,
            0.0808673516797562,
            0.11491250005404183,
            0.1615357040825618,
            0.2460826473877306,
            0.513992784995597,
            1.9642295159385208,
            4.537575171874854
        ],
        "pid": "Central_10",
        "spline_class": "CubicSpline",
        "y": [
            2.515169985839699,
            2.631259792631876,
            2.946091862884857,
            3.3334683106970533,
            3.682634913814924,
            3.8834389906595987,
            3.86823111094326,
            3.596068071923568,
            3.031024769028787,
            2.6210451308691916,
            1.9652616986047502,
            1.2419235064935361,
            0.5139185328940935,
            -0.17471587949873016,
            -0.7594985241516119,
            0.7078780908101514,
            1.5405318934141785,
            1.4141097655811534
        ]
    },
    "rho": 0.003494319644132255,
    "theta": 0.0001
}