{
    "alpha": 100,
    "hidden_states": {
        "Lingnan_10": [
            0.0,
            0.036743953247997674,
            0.045531380459674184,
            0.05566421479403056,
            0.06709610957957676,
            0.08050644716349692,
            0.09636696176226522,
            0.1146956063739391,
            0.13665350916887573,
            0.16337284209668246,
            0.19724171597267282,
            0.2427513356119077,
            0.3241146315328516,
            0.5150651633434958,
            1.0464475645716604,
            1.938466268893388,
            3.0391860637309915,
            4.547282665233932,
            10.39543967436768,
            Infinity
        ]
    },
    "model": {
        "N0": 4000.0000000000005,
        "class": "SMCModel",
        "knots": [
            0.00012499999999999998,
            0.00024261396351169074,
            0.00047089228232681616,
            0.0009139603440189998,
            0.0017739163324396639,
            0.003443014978810472,
            0.006682588083514629,
            0.012970313451659823,
            0.02517423323596951,
            0.036743953247997674,
            0.05566421479403056,
            0.08050644716349692,
            0.1146956063739391,
            0.16337284209668246,
            0.2427513356119077,
            0.5150651633434958,
            1.938466268893388,
            4.547282665233932
        ],
        "pid": "Lingnan_10",
        "spline_class": "CubicSpline",
        "y": [
            1.90794026816712,
            2.038675302630952,
            2.3765252324683095,
            2.8169524137954354,
            3.229709495423069,
            3.504408006190428,
            3.554107756238373,
            3.3391152733097815,
            2.847489953410414,
            2.4407180131686927,
            1.8675571617240463,
            1.2303655801660316,
            0.5206081759439275,
            -0.2016324035056154,
            -0.7826401147323242,
            0.7869026075518109,
            1.493269896618486,
            1.4086155578866508
        ]
    },
    "rho": 0.0036300046498501065,
    "theta": 0.0001
}