{
    "alpha": 100,
    "hidden_states": {
        "North_10": [
            0.0,
            0.037653006743433595,
            0.04631793066214535,
            0.057493933050102676,
            0.07066517196742644,
            0.085905008117803,
            0.10277934059403646,
            0.12257468424772694,
            0.14737034827363987,
            0.17494550584457383,
            0.20957365187959975,
            0.25701537140369884,
            0.3351282077221113,
            0.5666805440886442,
            1.1307645586508004,
            2.019545986178822,
            3.133212473528201,
            4.60078150836991,
            10.493948377930495,
            Infinity
        ]
    },
    "model": {
        "N0": 4000.0000000000005,
        "class": "SMCModel",
        "knots": [
            0.00012499999999999998,
            0.00024048640971856652,
            0.00046266970607461,
            0.0008901262119954194,
            0.0017125060553533284,
            0.003294675462985814,
            0.006338597386250516,
            0.012194772224567012,
            0.02346141591697454,
            0.037653006743433595,
            0.057493933050102676,
            0.085905008117803,
            0.12257468424772694,
            0.17494550584457383,
            0.25701537140369884,
            0.5666805440886442,
            2.019545986178822,
            4.60078150836991
        ],
        "pid": "North_10",
        "spline_class": "CubicSpline",
        "y": [
            2.378849405766755,
            2.512928393526773,
            2.8560993923356737,
            3.2945145513791423,
            3.6961443475313382,
            3.9232831203955802,
            3.8981292902548357,
            3.588974787679363,
            2.9926781558907614,
            2.3944610904777854,
            1.7506850319794662,
            1.0442112191160458,
            0.3713799904977771,
            -0.2491919025720758,
            -0.6993473596724531,
            0.9547557890854755,
            1.4989587459169573,
            1.4124522438505
        ]
    },
    "rho": 0.0034613251689757864,
    "theta": 0.0001
}