{
    "alpha": 100,
    "hidden_states": {
        "South_10": [
            0.0,
            0.03955928950461195,
            0.049325358181000964,
            0.06106111065790961,
            0.07388927262490598,
            0.08911710784337551,
            0.10742317429636658,
            0.1280330706950612,
            0.15291127166910626,
            0.18228138331698507,
            0.21963341794999813,
            0.2677512734813715,
            0.3432897986164145,
            0.5800684625019772,
            1.148463715612852,
            2.0167336813140126,
            3.119996789128414,
            4.581073461873457,
            10.243667499337853,
            Infinity
        ]
    },
    "model": {
        "N0": 4000.0000000000005,
        "class": "SMCModel",
        "knots": [
            0.00012499999999999998,
            0.00023823406108455022,
            0.0004540437428866977,
            0.0008653494782234189,
            0.0016492457636364934,
            0.0031432521279808967,
            0.005990637755692348,
            0.011417391688200192,
            0.021760092710983368,
            0.03955928950461195,
            0.06106111065790961,
            0.08911710784337551,
            0.1280330706950612,
            0.18228138331698507,
            0.2677512734813715,
            0.5800684625019772,
            2.0167336813140126,
            4.581073461873457
        ],
        "pid": "South_10",
        "spline_class": "CubicSpline",
        "y": [
            2.550799100363207,
            2.66901145819836,
            2.965254030327036,
            3.340632406591373,
            3.673373112050604,
            3.8611696079728106,
            3.8472696277687057,
            3.5959296355455344,
            3.0992973494093348,
            2.40111811918022,
            1.7243243421901426,
            1.0166333007099866,
            0.27334060729286475,
            -0.36929376255256285,
            -0.7029852322412935,
            1.0329581756209203,
            1.446840775423268,
            1.4128281536780276
        ]
    },
    "rho": 0.0035799649533200923,
    "theta": 0.0001
}